<?xml version="1.0" encoding="UTF-8"?>
<Configuration  strict="true" name="XMLConfigTest"
               packages="org.apache.logging.log4j.test">
  <Properties>
    <Property name="filename">src\main\resources\logs\logs.log</Property>
  </Properties>
  <Appenders>
    <Appender type="Console" name="SYSTEM_OUT">
      <Layout type="PatternLayout" pattern="%d{yyyy-MM-dd HH:mm:ss} [ %-5p] %c{1}:%L - %m%n" />
    </Appender>
    <Appender type="File" name="File" fileName="${filename}">
      <Layout type="PatternLayout">
        <Pattern>%d{MM.dd:HH.mm.ss} %5p\t%c:%L - %m%n</Pattern>
      </Layout>
    </Appender>
  </Appenders>

  <Loggers>

    <Root level="debug">
      <AppenderRef ref="SYSTEM_OUT"/>
      <AppenderRef ref="File"/>
    </Root>
  </Loggers>

</Configuration>